Feature,Importance
chas,0.0007463555692557268
zn,0.001719525976324947
rad,0.0036009493295351123
indus,0.006588650506915149
nox,0.010359900088623647
ptratio,0.010902936833903058
age,0.013112037003473362
tax,0.015144812131678871
crim,0.030003913981487426
livability_score,0.03505469313509238
dis,0.05748747757690703
lstat,0.09321118156590823
log_lstat,0.10389131110649438
lstat_squared,0.11512721243839943
rm_squared,0.2353847053987481
rm,0.2676643373572531
